side,race_id,date,meet,rc_no
api_only,2016-01-02_1_01,2016-01-02,1,1
api_only,2016-01-02_1_02,2016-01-02,1,2
api_only,2016-01-02_1_03,2016-01-02,1,3
api_only,2016-01-02_1_04,2016-01-02,1,4
api_only,2016-01-02_1_05,2016-01-02,1,5
api_only,2016-01-02_1_06,2016-01-02,1,6
api_only,2016-01-02_1_07,2016-01-02,1,7
api_only,2016-01-02_1_08,2016-01-02,1,8
api_only,2016-01-02_1_09,2016-01-02,1,9
api_only,2016-01-02_3_01,2016-01-02,3,1
api_only,2016-01-02_3_02,2016-01-02,3,2
api_only,2016-01-02_3_03,2016-01-02,3,3
api_only,2016-01-02_3_04,2016-01-02,3,4
api_only,2016-01-02_3_05,2016-01-02,3,5
api_only,2016-01-02_3_06,2016-01-02,3,6
api_only,2016-01-03_1_01,2016-01-03,1,1
api_only,2016-01-03_1_02,2016-01-03,1,2
api_only,2016-01-03_1_03,2016-01-03,1,3
api_only,2016-01-03_1_04,2016-01-03,1,4
api_only,2016-01-03_1_05,2016-01-03,1,5
api_only,2016-01-03_1_06,2016-01-03,1,6
api_only,2016-01-03_1_07,2016-01-03,1,7
api_only,2016-01-03_1_08,2016-01-03,1,8
api_only,2016-01-03_1_09,2016-01-03,1,9
api_only,2016-01-03_1_10,2016-01-03,1,10
api_only,2016-01-03_3_01,2016-01-03,3,1
api_only,2016-01-03_3_02,2016-01-03,3,2
api_only,2016-01-03_3_03,2016-01-03,3,3
api_only,2016-01-03_3_04,2016-01-03,3,4
api_only,2016-01-03_3_05,2016-01-03,3,5
api_only,2016-01-03_3_06,2016-01-03,3,6
api_only,2016-01-08_2_01,2016-01-08,2,1
api_only,2016-01-08_2_02,2016-01-08,2,2
api_only,2016-01-08_2_03,2016-01-08,2,3
api_only,2016-01-08_2_04,2016-01-08,2,4
api_only,2016-01-08_2_05,2016-01-08,2,5
api_only,2016-01-08_2_06,2016-01-08,2,6
api_only,2016-01-08_2_07,2016-01-08,2,7
api_only,2016-01-08_2_08,2016-01-08,2,8
api_only,2016-01-08_2_09,2016-01-08,2,9
api_only,2016-01-08_3_01,2016-01-08,3,1
api_only,2016-01-08_3_02,2016-01-08,3,2
api_only,2016-01-08_3_03,2016-01-08,3,3
api_only,2016-01-08_3_04,2016-01-08,3,4
api_only,2016-01-08_3_05,2016-01-08,3,5
api_only,2016-01-08_3_06,2016-01-08,3,6
api_only,2016-01-08_3_07,2016-01-08,3,7
api_only,2016-01-08_3_08,2016-01-08,3,8
api_only,2016-01-08_3_09,2016-01-08,3,9
api_only,2016-01-08_3_10,2016-01-08,3,10
api_only,2016-01-09_1_01,2016-01-09,1,1
api_only,2016-01-09_1_02,2016-01-09,1,2
api_only,2016-01-09_1_03,2016-01-09,1,3
api_only,2016-01-09_1_04,2016-01-09,1,4
api_only,2016-01-09_1_05,2016-01-09,1,5
api_only,2016-01-09_1_06,2016-01-09,1,6
api_only,2016-01-09_1_07,2016-01-09,1,7
api_only,2016-01-09_1_08,2016-01-09,1,8
api_only,2016-01-09_1_09,2016-01-09,1,9
api_only,2016-01-09_1_10,2016-01-09,1,10
api_only,2016-01-09_1_11,2016-01-09,1,11
api_only,2016-01-09_1_12,2016-01-09,1,12
api_only,2016-01-09_2_01,2016-01-09,2,1
api_only,2016-01-09_2_02,2016-01-09,2,2
api_only,2016-01-09_2_03,2016-01-09,2,3
api_only,2016-01-09_2_04,2016-01-09,2,4
api_only,2016-01-09_2_05,2016-01-09,2,5
api_only,2016-01-09_2_06,2016-01-09,2,6
api_only,2016-01-09_2_07,2016-01-09,2,7
api_only,2016-01-09_2_08,2016-01-09,2,8
api_only,2016-01-09_2_09,2016-01-09,2,9
api_only,2016-01-10_1_01,2016-01-10,1,1
api_only,2016-01-10_1_02,2016-01-10,1,2
api_only,2016-01-10_1_03,2016-01-10,1,3
api_only,2016-01-10_1_04,2016-01-10,1,4
api_only,2016-01-10_1_05,2016-01-10,1,5
api_only,2016-01-10_1_06,2016-01-10,1,6
api_only,2016-01-10_1_07,2016-01-10,1,7
api_only,2016-01-10_1_08,2016-01-10,1,8
api_only,2016-01-10_1_09,2016-01-10,1,9
api_only,2016-01-10_1_10,2016-01-10,1,10
api_only,2016-01-10_1_11,2016-01-10,1,11
api_only,2016-01-10_3_01,2016-01-10,3,1
api_only,2016-01-10_3_02,2016-01-10,3,2
api_only,2016-01-10_3_03,2016-01-10,3,3
api_only,2016-01-10_3_04,2016-01-10,3,4
api_only,2016-01-10_3_05,2016-01-10,3,5
api_only,2016-01-10_3_06,2016-01-10,3,6
api_only,2016-01-15_2_01,2016-01-15,2,1
api_only,2016-01-15_2_02,2016-01-15,2,2
api_only,2016-01-15_2_03,2016-01-15,2,3
api_only,2016-01-15_2_04,2016-01-15,2,4
api_only,2016-01-15_2_05,2016-01-15,2,5
api_only,2016-01-15_2_06,2016-01-15,2,6
api_only,2016-01-15_2_07,2016-01-15,2,7
api_only,2016-01-15_2_08,2016-01-15,2,8
api_only,2016-01-15_2_09,2016-01-15,2,9
api_only,2016-01-15_3_01,2016-01-15,3,1
api_only,2016-01-15_3_02,2016-01-15,3,2
api_only,2016-01-15_3_03,2016-01-15,3,3
api_only,2016-01-15_3_04,2016-01-15,3,4
api_only,2016-01-15_3_05,2016-01-15,3,5
api_only,2016-01-15_3_06,2016-01-15,3,6
api_only,2016-01-15_3_07,2016-01-15,3,7
api_only,2016-01-15_3_08,2016-01-15,3,8
api_only,2016-01-15_3_09,2016-01-15,3,9
api_only,2016-01-15_3_10,2016-01-15,3,10
api_only,2016-01-16_1_01,2016-01-16,1,1
api_only,2016-01-16_1_02,2016-01-16,1,2
api_only,2016-01-16_1_03,2016-01-16,1,3
api_only,2016-01-16_1_04,2016-01-16,1,4
api_only,2016-01-16_1_05,2016-01-16,1,5
api_only,2016-01-16_1_06,2016-01-16,1,6
api_only,2016-01-16_1_07,2016-01-16,1,7
api_only,2016-01-16_1_08,2016-01-16,1,8
api_only,2016-01-16_1_09,2016-01-16,1,9
api_only,2016-01-16_1_10,2016-01-16,1,10
api_only,2016-01-16_1_11,2016-01-16,1,11
api_only,2016-01-16_1_12,2016-01-16,1,12
api_only,2016-01-16_2_01,2016-01-16,2,1
api_only,2016-01-16_2_02,2016-01-16,2,2
api_only,2016-01-16_2_03,2016-01-16,2,3
api_only,2016-01-16_2_04,2016-01-16,2,4
api_only,2016-01-16_2_05,2016-01-16,2,5
api_only,2016-01-16_2_06,2016-01-16,2,6
api_only,2016-01-16_2_07,2016-01-16,2,7
api_only,2016-01-16_2_08,2016-01-16,2,8
api_only,2016-01-16_2_09,2016-01-16,2,9
api_only,2016-01-17_1_01,2016-01-17,1,1
api_only,2016-01-17_1_02,2016-01-17,1,2
api_only,2016-01-17_1_03,2016-01-17,1,3
api_only,2016-01-17_1_04,2016-01-17,1,4
api_only,2016-01-17_1_05,2016-01-17,1,5
api_only,2016-01-17_1_06,2016-01-17,1,6
api_only,2016-01-17_1_07,2016-01-17,1,7
api_only,2016-01-17_1_08,2016-01-17,1,8
api_only,2016-01-17_1_09,2016-01-17,1,9
api_only,2016-01-17_1_10,2016-01-17,1,10
api_only,2016-01-17_1_11,2016-01-17,1,11
api_only,2016-01-17_3_01,2016-01-17,3,1
api_only,2016-01-17_3_02,2016-01-17,3,2
api_only,2016-01-17_3_03,2016-01-17,3,3
api_only,2016-01-17_3_04,2016-01-17,3,4
api_only,2016-01-17_3_05,2016-01-17,3,5
api_only,2016-01-17_3_06,2016-01-17,3,6
api_only,2016-01-22_2_01,2016-01-22,2,1
api_only,2016-01-22_2_02,2016-01-22,2,2
api_only,2016-01-22_2_03,2016-01-22,2,3
api_only,2016-01-22_2_04,2016-01-22,2,4
api_only,2016-01-22_2_05,2016-01-22,2,5
api_only,2016-01-22_2_06,2016-01-22,2,6
api_only,2016-01-22_2_07,2016-01-22,2,7
api_only,2016-01-22_2_08,2016-01-22,2,8
api_only,2016-01-22_2_09,2016-01-22,2,9
api_only,2016-01-22_3_01,2016-01-22,3,1
api_only,2016-01-22_3_02,2016-01-22,3,2
api_only,2016-01-22_3_03,2016-01-22,3,3
api_only,2016-01-22_3_04,2016-01-22,3,4
api_only,2016-01-22_3_05,2016-01-22,3,5
api_only,2016-01-22_3_06,2016-01-22,3,6
api_only,2016-01-22_3_07,2016-01-22,3,7
api_only,2016-01-22_3_08,2016-01-22,3,8
api_only,2016-01-22_3_09,2016-01-22,3,9
api_only,2016-01-22_3_10,2016-01-22,3,10
api_only,2016-01-23_1_01,2016-01-23,1,1
api_only,2016-01-23_1_02,2016-01-23,1,2
api_only,2016-01-23_1_03,2016-01-23,1,3
api_only,2016-01-23_1_04,2016-01-23,1,4
api_only,2016-01-23_1_05,2016-01-23,1,5
api_only,2016-01-23_1_06,2016-01-23,1,6
api_only,2016-01-23_1_07,2016-01-23,1,7
api_only,2016-01-23_1_08,2016-01-23,1,8
api_only,2016-01-23_1_09,2016-01-23,1,9
api_only,2016-01-23_1_10,2016-01-23,1,10
api_only,2016-01-23_1_11,2016-01-23,1,11
api_only,2016-01-23_1_12,2016-01-23,1,12
api_only,2016-01-23_2_01,2016-01-23,2,1
api_only,2016-01-23_2_02,2016-01-23,2,2
api_only,2016-01-23_2_03,2016-01-23,2,3
api_only,2016-01-23_2_04,2016-01-23,2,4
api_only,2016-01-23_2_05,2016-01-23,2,5
api_only,2016-01-23_2_06,2016-01-23,2,6
api_only,2016-01-23_2_07,2016-01-23,2,7
api_only,2016-01-23_2_08,2016-01-23,2,8
api_only,2016-01-23_2_09,2016-01-23,2,9
api_only,2016-01-24_1_01,2016-01-24,1,1
api_only,2016-01-24_1_02,2016-01-24,1,2
api_only,2016-01-24_1_03,2016-01-24,1,3
api_only,2016-01-24_1_04,2016-01-24,1,4
api_only,2016-01-24_1_05,2016-01-24,1,5
api_only,2016-01-24_1_06,2016-01-24,1,6
api_only,2016-01-24_1_07,2016-01-24,1,7
api_only,2016-01-24_1_08,2016-01-24,1,8
api_only,2016-01-24_1_09,2016-01-24,1,9
api_only,2016-01-24_1_10,2016-01-24,1,10
api_only,2016-01-24_1_11,2016-01-24,1,11
api_only,2016-01-24_3_01,2016-01-24,3,1
api_only,2016-01-24_3_02,2016-01-24,3,2
api_only,2016-01-24_3_03,2016-01-24,3,3
api_only,2016-01-24_3_04,2016-01-24,3,4
api_only,2016-01-24_3_05,2016-01-24,3,5
api_only,2016-01-24_3_06,2016-01-24,3,6
api_only,2016-01-29_2_01,2016-01-29,2,1
api_only,2016-01-29_2_02,2016-01-29,2,2
api_only,2016-01-29_2_03,2016-01-29,2,3
api_only,2016-01-29_2_04,2016-01-29,2,4
api_only,2016-01-29_2_05,2016-01-29,2,5
api_only,2016-01-29_2_06,2016-01-29,2,6
api_only,2016-01-29_2_07,2016-01-29,2,7
api_only,2016-01-29_2_08,2016-01-29,2,8
api_only,2016-01-29_2_09,2016-01-29,2,9
api_only,2016-01-29_3_01,2016-01-29,3,1
api_only,2016-01-29_3_02,2016-01-29,3,2
api_only,2016-01-29_3_03,2016-01-29,3,3
api_only,2016-01-29_3_04,2016-01-29,3,4
api_only,2016-01-29_3_05,2016-01-29,3,5
api_only,2016-01-29_3_06,2016-01-29,3,6
api_only,2016-01-29_3_07,2016-01-29,3,7
api_only,2016-01-29_3_08,2016-01-29,3,8
api_only,2016-01-29_3_09,2016-01-29,3,9
api_only,2016-01-29_3_10,2016-01-29,3,10
api_only,2016-01-30_1_01,2016-01-30,1,1
api_only,2016-01-30_1_02,2016-01-30,1,2
api_only,2016-01-30_1_03,2016-01-30,1,3
api_only,2016-01-30_1_04,2016-01-30,1,4
api_only,2016-01-30_1_05,2016-01-30,1,5
api_only,2016-01-30_1_06,2016-01-30,1,6
api_only,2016-01-30_1_07,2016-01-30,1,7
api_only,2016-01-30_1_08,2016-01-30,1,8
api_only,2016-01-30_1_09,2016-01-30,1,9
api_only,2016-01-30_1_10,2016-01-30,1,10
api_only,2016-01-30_1_11,2016-01-30,1,11
api_only,2016-01-30_1_12,2016-01-30,1,12
api_only,2016-01-30_1_13,2016-01-30,1,13
api_only,2016-01-30_2_01,2016-01-30,2,1
api_only,2016-01-30_2_02,2016-01-30,2,2
api_only,2016-01-30_2_03,2016-01-30,2,3
api_only,2016-01-30_2_04,2016-01-30,2,4
api_only,2016-01-30_2_05,2016-01-30,2,5
api_only,2016-01-30_2_06,2016-01-30,2,6
api_only,2016-01-30_2_07,2016-01-30,2,7
api_only,2016-01-30_2_08,2016-01-30,2,8
api_only,2016-01-30_2_09,2016-01-30,2,9
api_only,2016-01-31_1_01,2016-01-31,1,1
api_only,2016-01-31_1_02,2016-01-31,1,2
api_only,2016-01-31_1_03,2016-01-31,1,3
api_only,2016-01-31_1_04,2016-01-31,1,4
api_only,2016-01-31_1_05,2016-01-31,1,5
api_only,2016-01-31_1_06,2016-01-31,1,6
api_only,2016-01-31_1_07,2016-01-31,1,7
api_only,2016-01-31_1_08,2016-01-31,1,8
api_only,2016-01-31_1_09,2016-01-31,1,9
api_only,2016-01-31_1_10,2016-01-31,1,10
api_only,2016-01-31_3_01,2016-01-31,3,1
api_only,2016-01-31_3_02,2016-01-31,3,2
api_only,2016-01-31_3_03,2016-01-31,3,3
api_only,2016-01-31_3_04,2016-01-31,3,4
api_only,2016-01-31_3_05,2016-01-31,3,5
api_only,2016-01-31_3_06,2016-01-31,3,6
api_only,2016-02-12_2_01,2016-02-12,2,1
api_only,2016-02-12_2_02,2016-02-12,2,2
api_only,2016-02-12_2_03,2016-02-12,2,3
api_only,2016-02-12_2_04,2016-02-12,2,4
api_only,2016-02-12_2_05,2016-02-12,2,5
api_only,2016-02-12_2_06,2016-02-12,2,6
api_only,2016-02-12_2_07,2016-02-12,2,7
api_only,2016-02-12_2_08,2016-02-12,2,8
api_only,2016-02-12_2_09,2016-02-12,2,9
api_only,2016-02-12_3_01,2016-02-12,3,1
api_only,2016-02-12_3_02,2016-02-12,3,2
api_only,2016-02-12_3_03,2016-02-12,3,3
api_only,2016-02-12_3_04,2016-02-12,3,4
api_only,2016-02-12_3_05,2016-02-12,3,5
api_only,2016-02-12_3_06,2016-02-12,3,6
api_only,2016-02-12_3_07,2016-02-12,3,7
api_only,2016-02-12_3_08,2016-02-12,3,8
api_only,2016-02-12_3_09,2016-02-12,3,9
api_only,2016-02-12_3_10,2016-02-12,3,10
api_only,2016-02-12_3_11,2016-02-12,3,11
api_only,2016-02-13_1_01,2016-02-13,1,1
api_only,2016-02-13_1_02,2016-02-13,1,2
api_only,2016-02-13_1_03,2016-02-13,1,3
api_only,2016-02-13_1_04,2016-02-13,1,4
api_only,2016-02-13_1_05,2016-02-13,1,5
api_only,2016-02-13_1_06,2016-02-13,1,6
api_only,2016-02-13_1_07,2016-02-13,1,7
api_only,2016-02-13_1_08,2016-02-13,1,8
api_only,2016-02-13_1_09,2016-02-13,1,9
api_only,2016-02-13_1_10,2016-02-13,1,10
api_only,2016-02-13_1_11,2016-02-13,1,11
api_only,2016-02-13_1_12,2016-02-13,1,12
api_only,2016-02-13_2_01,2016-02-13,2,1
api_only,2016-02-13_2_02,2016-02-13,2,2
api_only,2016-02-13_2_03,2016-02-13,2,3
api_only,2016-02-13_2_04,2016-02-13,2,4
api_only,2016-02-13_2_05,2016-02-13,2,5
api_only,2016-02-13_2_06,2016-02-13,2,6
api_only,2016-02-13_2_07,2016-02-13,2,7
api_only,2016-02-13_2_08,2016-02-13,2,8
api_only,2016-02-13_2_09,2016-02-13,2,9
api_only,2016-02-14_1_01,2016-02-14,1,1
api_only,2016-02-14_1_02,2016-02-14,1,2
api_only,2016-02-14_1_03,2016-02-14,1,3
api_only,2016-02-14_1_04,2016-02-14,1,4
api_only,2016-02-14_1_05,2016-02-14,1,5
api_only,2016-02-14_1_06,2016-02-14,1,6
api_only,2016-02-14_1_07,2016-02-14,1,7
api_only,2016-02-14_1_08,2016-02-14,1,8
api_only,2016-02-14_1_09,2016-02-14,1,9
api_only,2016-02-14_1_10,2016-02-14,1,10
api_only,2016-02-14_1_11,2016-02-14,1,11
api_only,2016-02-14_3_01,2016-02-14,3,1
api_only,2016-02-14_3_02,2016-02-14,3,2
api_only,2016-02-14_3_03,2016-02-14,3,3
api_only,2016-02-14_3_04,2016-02-14,3,4
api_only,2016-02-14_3_05,2016-02-14,3,5
api_only,2016-02-14_3_06,2016-02-14,3,6
api_only,2016-02-19_2_01,2016-02-19,2,1
api_only,2016-02-19_2_02,2016-02-19,2,2
api_only,2016-02-19_2_03,2016-02-19,2,3
api_only,2016-02-19_2_04,2016-02-19,2,4
api_only,2016-02-19_2_05,2016-02-19,2,5
api_only,2016-02-19_2_06,2016-02-19,2,6
api_only,2016-02-19_2_07,2016-02-19,2,7
api_only,2016-02-19_2_08,2016-02-19,2,8
api_only,2016-02-19_2_09,2016-02-19,2,9
api_only,2016-02-19_3_01,2016-02-19,3,1
api_only,2016-02-19_3_02,2016-02-19,3,2
api_only,2016-02-19_3_03,2016-02-19,3,3
api_only,2016-02-19_3_04,2016-02-19,3,4
api_only,2016-02-19_3_05,2016-02-19,3,5
api_only,2016-02-19_3_06,2016-02-19,3,6
api_only,2016-02-19_3_07,2016-02-19,3,7
api_only,2016-02-19_3_08,2016-02-19,3,8
api_only,2016-02-19_3_09,2016-02-19,3,9
api_only,2016-02-19_3_10,2016-02-19,3,10
api_only,2016-02-19_3_11,2016-02-19,3,11
api_only,2016-02-20_1_01,2016-02-20,1,1
api_only,2016-02-20_1_02,2016-02-20,1,2
api_only,2016-02-20_1_03,2016-02-20,1,3
api_only,2016-02-20_1_04,2016-02-20,1,4
api_only,2016-02-20_1_05,2016-02-20,1,5
api_only,2016-02-20_1_06,2016-02-20,1,6
api_only,2016-02-20_1_07,2016-02-20,1,7
api_only,2016-02-20_1_08,2016-02-20,1,8
api_only,2016-02-20_1_09,2016-02-20,1,9
api_only,2016-02-20_1_10,2016-02-20,1,10
api_only,2016-02-20_1_11,2016-02-20,1,11
api_only,2016-02-20_1_12,2016-02-20,1,12
api_only,2016-02-20_2_01,2016-02-20,2,1
api_only,2016-02-20_2_02,2016-02-20,2,2
api_only,2016-02-20_2_03,2016-02-20,2,3
api_only,2016-02-20_2_04,2016-02-20,2,4
api_only,2016-02-20_2_05,2016-02-20,2,5
api_only,2016-02-20_2_06,2016-02-20,2,6
api_only,2016-02-20_2_07,2016-02-20,2,7
api_only,2016-02-20_2_08,2016-02-20,2,8
api_only,2016-02-20_2_09,2016-02-20,2,9
api_only,2016-02-21_1_01,2016-02-21,1,1
api_only,2016-02-21_1_02,2016-02-21,1,2
api_only,2016-02-21_1_03,2016-02-21,1,3
api_only,2016-02-21_1_04,2016-02-21,1,4
api_only,2016-02-21_1_05,2016-02-21,1,5
api_only,2016-02-21_1_06,2016-02-21,1,6
api_only,2016-02-21_1_07,2016-02-21,1,7
api_only,2016-02-21_1_08,2016-02-21,1,8
api_only,2016-02-21_1_09,2016-02-21,1,9
api_only,2016-02-21_1_10,2016-02-21,1,10
api_only,2016-02-21_1_11,2016-02-21,1,11
api_only,2016-02-21_3_01,2016-02-21,3,1
api_only,2016-02-21_3_02,2016-02-21,3,2
api_only,2016-02-21_3_03,2016-02-21,3,3
api_only,2016-02-21_3_04,2016-02-21,3,4
api_only,2016-02-21_3_05,2016-02-21,3,5
api_only,2016-02-21_3_06,2016-02-21,3,6
api_only,2016-02-26_2_01,2016-02-26,2,1
api_only,2016-02-26_2_02,2016-02-26,2,2
api_only,2016-02-26_2_03,2016-02-26,2,3
api_only,2016-02-26_2_04,2016-02-26,2,4
api_only,2016-02-26_2_05,2016-02-26,2,5
api_only,2016-02-26_2_06,2016-02-26,2,6
api_only,2016-02-26_2_07,2016-02-26,2,7
api_only,2016-02-26_2_08,2016-02-26,2,8
api_only,2016-02-26_2_09,2016-02-26,2,9
api_only,2016-02-26_3_01,2016-02-26,3,1
api_only,2016-02-26_3_02,2016-02-26,3,2
api_only,2016-02-26_3_03,2016-02-26,3,3
api_only,2016-02-26_3_04,2016-02-26,3,4
api_only,2016-02-26_3_05,2016-02-26,3,5
api_only,2016-02-26_3_06,2016-02-26,3,6
api_only,2016-02-26_3_07,2016-02-26,3,7
api_only,2016-02-26_3_08,2016-02-26,3,8
api_only,2016-02-26_3_09,2016-02-26,3,9
api_only,2016-02-26_3_10,2016-02-26,3,10
api_only,2016-02-26_3_11,2016-02-26,3,11
api_only,2016-02-27_1_01,2016-02-27,1,1
api_only,2016-02-27_1_02,2016-02-27,1,2
api_only,2016-02-27_1_03,2016-02-27,1,3
api_only,2016-02-27_1_04,2016-02-27,1,4
api_only,2016-02-27_1_05,2016-02-27,1,5
api_only,2016-02-27_1_06,2016-02-27,1,6
api_only,2016-02-27_1_07,2016-02-27,1,7
api_only,2016-02-27_1_08,2016-02-27,1,8
api_only,2016-02-27_1_09,2016-02-27,1,9
api_only,2016-02-27_1_10,2016-02-27,1,10
api_only,2016-02-27_1_11,2016-02-27,1,11
api_only,2016-02-27_1_12,2016-02-27,1,12
api_only,2016-02-27_2_01,2016-02-27,2,1
api_only,2016-02-27_2_02,2016-02-27,2,2
api_only,2016-02-27_2_03,2016-02-27,2,3
api_only,2016-02-27_2_04,2016-02-27,2,4
api_only,2016-02-27_2_05,2016-02-27,2,5
api_only,2016-02-27_2_06,2016-02-27,2,6
api_only,2016-02-27_2_07,2016-02-27,2,7
api_only,2016-02-27_2_08,2016-02-27,2,8
api_only,2016-02-27_2_09,2016-02-27,2,9
api_only,2016-02-28_1_01,2016-02-28,1,1
api_only,2016-02-28_1_02,2016-02-28,1,2
api_only,2016-02-28_1_03,2016-02-28,1,3
api_only,2016-02-28_1_04,2016-02-28,1,4
api_only,2016-02-28_1_05,2016-02-28,1,5
api_only,2016-02-28_1_06,2016-02-28,1,6
api_only,2016-02-28_1_07,2016-02-28,1,7
api_only,2016-02-28_1_08,2016-02-28,1,8
api_only,2016-02-28_1_09,2016-02-28,1,9
api_only,2016-02-28_1_10,2016-02-28,1,10
api_only,2016-02-28_1_11,2016-02-28,1,11
api_only,2016-02-28_3_01,2016-02-28,3,1
api_only,2016-02-28_3_02,2016-02-28,3,2
api_only,2016-02-28_3_03,2016-02-28,3,3
api_only,2016-02-28_3_04,2016-02-28,3,4
api_only,2016-02-28_3_05,2016-02-28,3,5
api_only,2016-02-28_3_06,2016-02-28,3,6
api_only,2016-03-04_2_01,2016-03-04,2,1
api_only,2016-03-04_2_02,2016-03-04,2,2
api_only,2016-03-04_2_03,2016-03-04,2,3
api_only,2016-03-04_2_04,2016-03-04,2,4
api_only,2016-03-04_2_05,2016-03-04,2,5
api_only,2016-03-04_2_06,2016-03-04,2,6
api_only,2016-03-04_2_07,2016-03-04,2,7
api_only,2016-03-04_2_08,2016-03-04,2,8
api_only,2016-03-04_2_09,2016-03-04,2,9
api_only,2016-03-04_3_01,2016-03-04,3,1
api_only,2016-03-04_3_02,2016-03-04,3,2
api_only,2016-03-04_3_03,2016-03-04,3,3
api_only,2016-03-04_3_04,2016-03-04,3,4
api_only,2016-03-04_3_05,2016-03-04,3,5
api_only,2016-03-04_3_06,2016-03-04,3,6
api_only,2016-03-04_3_07,2016-03-04,3,7
api_only,2016-03-04_3_08,2016-03-04,3,8
api_only,2016-03-04_3_09,2016-03-04,3,9
api_only,2016-03-04_3_10,2016-03-04,3,10
api_only,2016-03-05_1_01,2016-03-05,1,1
api_only,2016-03-05_1_02,2016-03-05,1,2
api_only,2016-03-05_1_03,2016-03-05,1,3
api_only,2016-03-05_1_04,2016-03-05,1,4
api_only,2016-03-05_1_05,2016-03-05,1,5
api_only,2016-03-05_1_06,2016-03-05,1,6
api_only,2016-03-05_1_07,2016-03-05,1,7
api_only,2016-03-05_1_08,2016-03-05,1,8
api_only,2016-03-05_1_09,2016-03-05,1,9
api_only,2016-03-05_1_10,2016-03-05,1,10
api_only,2016-03-05_1_11,2016-03-05,1,11
api_only,2016-03-05_2_01,2016-03-05,2,1
api_only,2016-03-05_2_02,2016-03-05,2,2
api_only,2016-03-05_2_03,2016-03-05,2,3
api_only,2016-03-05_2_04,2016-03-05,2,4
api_only,2016-03-05_2_05,2016-03-05,2,5
api_only,2016-03-05_2_06,2016-03-05,2,6
api_only,2016-03-05_2_07,2016-03-05,2,7
api_only,2016-03-05_2_08,2016-03-05,2,8
api_only,2016-03-05_2_09,2016-03-05,2,9
api_only,2016-03-06_1_01,2016-03-06,1,1
api_only,2016-03-06_1_02,2016-03-06,1,2
api_only,2016-03-06_1_03,2016-03-06,1,3
api_only,2016-03-06_1_04,2016-03-06,1,4
api_only,2016-03-06_1_05,2016-03-06,1,5
api_only,2016-03-06_1_06,2016-03-06,1,6
api_only,2016-03-06_1_07,2016-03-06,1,7
api_only,2016-03-06_1_08,2016-03-06,1,8
api_only,2016-03-06_1_09,2016-03-06,1,9
api_only,2016-03-06_1_10,2016-03-06,1,10
api_only,2016-03-06_1_11,2016-03-06,1,11
api_only,2016-03-06_3_01,2016-03-06,3,1
api_only,2016-03-06_3_02,2016-03-06,3,2
api_only,2016-03-06_3_03,2016-03-06,3,3
api_only,2016-03-06_3_04,2016-03-06,3,4
api_only,2016-03-06_3_05,2016-03-06,3,5
api_only,2016-03-06_3_06,2016-03-06,3,6
api_only,2016-03-11_2_01,2016-03-11,2,1
api_only,2016-03-11_2_02,2016-03-11,2,2
api_only,2016-03-11_2_03,2016-03-11,2,3
api_only,2016-03-11_2_04,2016-03-11,2,4
api_only,2016-03-11_2_05,2016-03-11,2,5
api_only,2016-03-11_2_06,2016-03-11,2,6
api_only,2016-03-11_2_07,2016-03-11,2,7
api_only,2016-03-11_2_08,2016-03-11,2,8
api_only,2016-03-11_2_09,2016-03-11,2,9
api_only,2016-03-11_3_01,2016-03-11,3,1
api_only,2016-03-11_3_02,2016-03-11,3,2
api_only,2016-03-11_3_03,2016-03-11,3,3
api_only,2016-03-11_3_04,2016-03-11,3,4
api_only,2016-03-11_3_05,2016-03-11,3,5
api_only,2016-03-11_3_06,2016-03-11,3,6
api_only,2016-03-11_3_07,2016-03-11,3,7
api_only,2016-03-11_3_08,2016-03-11,3,8
api_only,2016-03-11_3_09,2016-03-11,3,9
api_only,2016-03-11_3_10,2016-03-11,3,10
api_only,2016-03-12_1_01,2016-03-12,1,1
api_only,2016-03-12_1_02,2016-03-12,1,2
api_only,2016-03-12_1_03,2016-03-12,1,3
api_only,2016-03-12_1_04,2016-03-12,1,4
api_only,2016-03-12_1_05,2016-03-12,1,5
api_only,2016-03-12_1_06,2016-03-12,1,6
api_only,2016-03-12_1_07,2016-03-12,1,7
api_only,2016-03-12_1_08,2016-03-12,1,8
api_only,2016-03-12_1_09,2016-03-12,1,9
api_only,2016-03-12_1_10,2016-03-12,1,10
api_only,2016-03-12_1_11,2016-03-12,1,11
api_only,2016-03-12_1_12,2016-03-12,1,12
api_only,2016-03-12_2_01,2016-03-12,2,1
api_only,2016-03-12_2_02,2016-03-12,2,2
api_only,2016-03-12_2_03,2016-03-12,2,3
api_only,2016-03-12_2_04,2016-03-12,2,4
api_only,2016-03-12_2_05,2016-03-12,2,5
api_only,2016-03-12_2_06,2016-03-12,2,6
api_only,2016-03-12_2_07,2016-03-12,2,7
api_only,2016-03-12_2_08,2016-03-12,2,8
api_only,2016-03-12_2_09,2016-03-12,2,9
api_only,2016-03-13_1_01,2016-03-13,1,1
api_only,2016-03-13_1_02,2016-03-13,1,2
api_only,2016-03-13_1_03,2016-03-13,1,3
api_only,2016-03-13_1_04,2016-03-13,1,4
api_only,2016-03-13_1_05,2016-03-13,1,5
api_only,2016-03-13_1_06,2016-03-13,1,6
api_only,2016-03-13_1_07,2016-03-13,1,7
api_only,2016-03-13_1_08,2016-03-13,1,8
api_only,2016-03-13_1_09,2016-03-13,1,9
api_only,2016-03-13_1_10,2016-03-13,1,10
api_only,2016-03-13_1_11,2016-03-13,1,11
api_only,2016-03-13_3_01,2016-03-13,3,1
api_only,2016-03-13_3_02,2016-03-13,3,2
api_only,2016-03-13_3_03,2016-03-13,3,3
api_only,2016-03-13_3_04,2016-03-13,3,4
api_only,2016-03-13_3_05,2016-03-13,3,5
api_only,2016-03-13_3_06,2016-03-13,3,6
api_only,2016-03-18_2_01,2016-03-18,2,1
api_only,2016-03-18_2_02,2016-03-18,2,2
api_only,2016-03-18_2_03,2016-03-18,2,3
api_only,2016-03-18_2_04,2016-03-18,2,4
api_only,2016-03-18_2_05,2016-03-18,2,5
api_only,2016-03-18_2_06,2016-03-18,2,6
api_only,2016-03-18_2_07,2016-03-18,2,7
api_only,2016-03-18_2_08,2016-03-18,2,8
api_only,2016-03-18_2_09,2016-03-18,2,9
api_only,2016-03-18_3_01,2016-03-18,3,1
api_only,2016-03-18_3_02,2016-03-18,3,2
api_only,2016-03-18_3_03,2016-03-18,3,3
api_only,2016-03-18_3_04,2016-03-18,3,4
api_only,2016-03-18_3_05,2016-03-18,3,5
api_only,2016-03-18_3_06,2016-03-18,3,6
api_only,2016-03-18_3_07,2016-03-18,3,7
api_only,2016-03-18_3_08,2016-03-18,3,8
api_only,2016-03-18_3_09,2016-03-18,3,9
api_only,2016-03-18_3_10,2016-03-18,3,10
api_only,2016-03-19_1_01,2016-03-19,1,1
api_only,2016-03-19_1_02,2016-03-19,1,2
api_only,2016-03-19_1_03,2016-03-19,1,3
api_only,2016-03-19_1_04,2016-03-19,1,4
api_only,2016-03-19_1_05,2016-03-19,1,5
api_only,2016-03-19_1_06,2016-03-19,1,6
api_only,2016-03-19_1_07,2016-03-19,1,7
api_only,2016-03-19_1_08,2016-03-19,1,8
api_only,2016-03-19_1_09,2016-03-19,1,9
api_only,2016-03-19_1_10,2016-03-19,1,10
api_only,2016-03-19_1_11,2016-03-19,1,11
api_only,2016-03-19_1_12,2016-03-19,1,12
api_only,2016-03-19_2_01,2016-03-19,2,1
api_only,2016-03-19_2_02,2016-03-19,2,2
api_only,2016-03-19_2_03,2016-03-19,2,3
api_only,2016-03-19_2_04,2016-03-19,2,4
api_only,2016-03-19_2_05,2016-03-19,2,5
api_only,2016-03-19_2_06,2016-03-19,2,6
api_only,2016-03-19_2_07,2016-03-19,2,7
api_only,2016-03-19_2_08,2016-03-19,2,8
api_only,2016-03-19_2_09,2016-03-19,2,9
api_only,2016-03-20_1_01,2016-03-20,1,1
api_only,2016-03-20_1_02,2016-03-20,1,2
api_only,2016-03-20_1_03,2016-03-20,1,3
api_only,2016-03-20_1_04,2016-03-20,1,4
api_only,2016-03-20_1_05,2016-03-20,1,5
api_only,2016-03-20_1_06,2016-03-20,1,6
api_only,2016-03-20_1_07,2016-03-20,1,7
api_only,2016-03-20_1_08,2016-03-20,1,8
api_only,2016-03-20_1_09,2016-03-20,1,9
api_only,2016-03-20_1_10,2016-03-20,1,10
api_only,2016-03-20_1_11,2016-03-20,1,11
api_only,2016-03-20_3_01,2016-03-20,3,1
api_only,2016-03-20_3_02,2016-03-20,3,2
api_only,2016-03-20_3_03,2016-03-20,3,3
api_only,2016-03-20_3_04,2016-03-20,3,4
api_only,2016-03-20_3_05,2016-03-20,3,5
api_only,2016-03-20_3_06,2016-03-20,3,6
api_only,2016-03-25_2_01,2016-03-25,2,1
api_only,2016-03-25_2_02,2016-03-25,2,2
api_only,2016-03-25_2_03,2016-03-25,2,3
api_only,2016-03-25_2_04,2016-03-25,2,4
api_only,2016-03-25_2_05,2016-03-25,2,5
api_only,2016-03-25_2_06,2016-03-25,2,6
api_only,2016-03-25_2_07,2016-03-25,2,7
api_only,2016-03-25_2_08,2016-03-25,2,8
api_only,2016-03-25_2_09,2016-03-25,2,9
api_only,2016-03-25_3_01,2016-03-25,3,1
api_only,2016-03-25_3_02,2016-03-25,3,2
api_only,2016-03-25_3_03,2016-03-25,3,3
api_only,2016-03-25_3_04,2016-03-25,3,4
api_only,2016-03-25_3_05,2016-03-25,3,5
api_only,2016-03-25_3_06,2016-03-25,3,6
api_only,2016-03-25_3_07,2016-03-25,3,7
api_only,2016-03-25_3_08,2016-03-25,3,8
api_only,2016-03-25_3_09,2016-03-25,3,9
api_only,2016-03-25_3_10,2016-03-25,3,10
api_only,2016-03-26_1_01,2016-03-26,1,1
api_only,2016-03-26_1_02,2016-03-26,1,2
api_only,2016-03-26_1_03,2016-03-26,1,3
api_only,2016-03-26_1_04,2016-03-26,1,4
api_only,2016-03-26_1_05,2016-03-26,1,5
api_only,2016-03-26_1_06,2016-03-26,1,6
api_only,2016-03-26_1_07,2016-03-26,1,7
api_only,2016-03-26_1_08,2016-03-26,1,8
api_only,2016-03-26_1_09,2016-03-26,1,9
api_only,2016-03-26_1_10,2016-03-26,1,10
api_only,2016-03-26_1_11,2016-03-26,1,11
api_only,2016-03-26_1_12,2016-03-26,1,12
api_only,2016-03-26_2_01,2016-03-26,2,1
api_only,2016-03-26_2_02,2016-03-26,2,2
api_only,2016-03-26_2_03,2016-03-26,2,3
api_only,2016-03-26_2_04,2016-03-26,2,4
api_only,2016-03-26_2_05,2016-03-26,2,5
api_only,2016-03-26_2_06,2016-03-26,2,6
api_only,2016-03-26_2_07,2016-03-26,2,7
api_only,2016-03-26_2_08,2016-03-26,2,8
api_only,2016-03-26_2_09,2016-03-26,2,9
api_only,2016-03-27_1_01,2016-03-27,1,1
api_only,2016-03-27_1_02,2016-03-27,1,2
api_only,2016-03-27_1_03,2016-03-27,1,3
api_only,2016-03-27_1_04,2016-03-27,1,4
api_only,2016-03-27_1_05,2016-03-27,1,5
api_only,2016-03-27_1_06,2016-03-27,1,6
api_only,2016-03-27_1_07,2016-03-27,1,7
api_only,2016-03-27_1_08,2016-03-27,1,8
api_only,2016-03-27_1_09,2016-03-27,1,9
api_only,2016-03-27_1_10,2016-03-27,1,10
api_only,2016-03-27_1_11,2016-03-27,1,11
api_only,2016-03-27_3_01,2016-03-27,3,1
api_only,2016-03-27_3_02,2016-03-27,3,2
api_only,2016-03-27_3_03,2016-03-27,3,3
api_only,2016-03-27_3_04,2016-03-27,3,4
api_only,2016-03-27_3_05,2016-03-27,3,5
api_only,2016-03-27_3_06,2016-03-27,3,6
api_only,2016-04-01_2_01,2016-04-01,2,1
api_only,2016-04-01_2_02,2016-04-01,2,2
api_only,2016-04-01_2_03,2016-04-01,2,3
api_only,2016-04-01_2_04,2016-04-01,2,4
api_only,2016-04-01_2_05,2016-04-01,2,5
api_only,2016-04-01_2_06,2016-04-01,2,6
api_only,2016-04-01_2_07,2016-04-01,2,7
api_only,2016-04-01_2_08,2016-04-01,2,8
api_only,2016-04-01_3_01,2016-04-01,3,1
api_only,2016-04-01_3_02,2016-04-01,3,2
api_only,2016-04-01_3_03,2016-04-01,3,3
api_only,2016-04-01_3_04,2016-04-01,3,4
api_only,2016-04-01_3_05,2016-04-01,3,5
api_only,2016-04-01_3_06,2016-04-01,3,6
api_only,2016-04-01_3_07,2016-04-01,3,7
api_only,2016-04-01_3_08,2016-04-01,3,8
api_only,2016-04-01_3_09,2016-04-01,3,9
api_only,2016-04-01_3_10,2016-04-01,3,10
api_only,2016-04-02_1_01,2016-04-02,1,1
api_only,2016-04-02_1_02,2016-04-02,1,2
api_only,2016-04-02_1_03,2016-04-02,1,3
api_only,2016-04-02_1_04,2016-04-02,1,4
api_only,2016-04-02_1_05,2016-04-02,1,5
api_only,2016-04-02_1_06,2016-04-02,1,6
api_only,2016-04-02_1_07,2016-04-02,1,7
api_only,2016-04-02_1_08,2016-04-02,1,8
api_only,2016-04-02_1_09,2016-04-02,1,9
api_only,2016-04-02_1_10,2016-04-02,1,10
api_only,2016-04-02_1_11,2016-04-02,1,11
api_only,2016-04-02_1_12,2016-04-02,1,12
api_only,2016-04-02_2_01,2016-04-02,2,1
api_only,2016-04-02_2_02,2016-04-02,2,2
api_only,2016-04-02_2_03,2016-04-02,2,3
api_only,2016-04-02_2_04,2016-04-02,2,4
api_only,2016-04-02_2_05,2016-04-02,2,5
api_only,2016-04-02_2_06,2016-04-02,2,6
api_only,2016-04-02_2_07,2016-04-02,2,7
api_only,2016-04-02_2_08,2016-04-02,2,8
api_only,2016-04-02_2_09,2016-04-02,2,9
api_only,2016-04-03_1_01,2016-04-03,1,1
api_only,2016-04-03_1_02,2016-04-03,1,2
api_only,2016-04-03_1_03,2016-04-03,1,3
api_only,2016-04-03_1_04,2016-04-03,1,4
api_only,2016-04-03_1_05,2016-04-03,1,5
api_only,2016-04-03_1_06,2016-04-03,1,6
api_only,2016-04-03_1_07,2016-04-03,1,7
api_only,2016-04-03_1_08,2016-04-03,1,8
api_only,2016-04-03_1_09,2016-04-03,1,9
api_only,2016-04-03_1_10,2016-04-03,1,10
api_only,2016-04-03_3_01,2016-04-03,3,1
api_only,2016-04-03_3_02,2016-04-03,3,2
api_only,2016-04-03_3_03,2016-04-03,3,3
api_only,2016-04-03_3_04,2016-04-03,3,4
api_only,2016-04-03_3_05,2016-04-03,3,5
api_only,2016-04-03_3_06,2016-04-03,3,6
api_only,2016-04-03_3_07,2016-04-03,3,7
api_only,2016-04-08_2_01,2016-04-08,2,1
api_only,2016-04-08_2_02,2016-04-08,2,2
api_only,2016-04-08_2_03,2016-04-08,2,3
api_only,2016-04-08_2_04,2016-04-08,2,4
api_only,2016-04-08_2_05,2016-04-08,2,5
api_only,2016-04-08_2_06,2016-04-08,2,6
api_only,2016-04-08_2_07,2016-04-08,2,7
api_only,2016-04-08_2_08,2016-04-08,2,8
api_only,2016-04-08_3_01,2016-04-08,3,1
api_only,2016-04-08_3_02,2016-04-08,3,2
api_only,2016-04-08_3_03,2016-04-08,3,3
api_only,2016-04-08_3_04,2016-04-08,3,4
api_only,2016-04-08_3_05,2016-04-08,3,5
api_only,2016-04-08_3_06,2016-04-08,3,6
api_only,2016-04-08_3_07,2016-04-08,3,7
api_only,2016-04-08_3_08,2016-04-08,3,8
api_only,2016-04-08_3_09,2016-04-08,3,9
api_only,2016-04-08_3_10,2016-04-08,3,10
api_only,2016-04-09_1_01,2016-04-09,1,1
api_only,2016-04-09_1_02,2016-04-09,1,2
api_only,2016-04-09_1_03,2016-04-09,1,3
api_only,2016-04-09_1_04,2016-04-09,1,4
api_only,2016-04-09_1_05,2016-04-09,1,5
api_only,2016-04-09_1_06,2016-04-09,1,6
api_only,2016-04-09_1_07,2016-04-09,1,7
api_only,2016-04-09_1_08,2016-04-09,1,8
api_only,2016-04-09_1_09,2016-04-09,1,9
api_only,2016-04-09_1_10,2016-04-09,1,10
api_only,2016-04-09_2_01,2016-04-09,2,1
api_only,2016-04-09_2_02,2016-04-09,2,2
api_only,2016-04-09_2_03,2016-04-09,2,3
api_only,2016-04-09_2_04,2016-04-09,2,4
api_only,2016-04-09_2_05,2016-04-09,2,5
api_only,2016-04-09_2_06,2016-04-09,2,6
api_only,2016-04-09_2_07,2016-04-09,2,7
api_only,2016-04-09_2_08,2016-04-09,2,8
api_only,2016-04-09_2_09,2016-04-09,2,9
api_only,2016-04-10_1_01,2016-04-10,1,1
api_only,2016-04-10_1_02,2016-04-10,1,2
api_only,2016-04-10_1_03,2016-04-10,1,3
api_only,2016-04-10_1_04,2016-04-10,1,4
api_only,2016-04-10_1_05,2016-04-10,1,5
api_only,2016-04-10_1_06,2016-04-10,1,6
api_only,2016-04-10_1_07,2016-04-10,1,7
api_only,2016-04-10_1_08,2016-04-10,1,8
api_only,2016-04-10_1_09,2016-04-10,1,9
api_only,2016-04-10_1_10,2016-04-10,1,10
api_only,2016-04-10_1_11,2016-04-10,1,11
api_only,2016-04-10_3_01,2016-04-10,3,1
api_only,2016-04-10_3_02,2016-04-10,3,2
api_only,2016-04-10_3_03,2016-04-10,3,3
api_only,2016-04-10_3_04,2016-04-10,3,4
api_only,2016-04-10_3_05,2016-04-10,3,5
api_only,2016-04-10_3_06,2016-04-10,3,6
api_only,2016-04-15_2_01,2016-04-15,2,1
api_only,2016-04-15_2_02,2016-04-15,2,2
api_only,2016-04-15_2_03,2016-04-15,2,3
api_only,2016-04-15_2_04,2016-04-15,2,4
api_only,2016-04-15_2_05,2016-04-15,2,5
api_only,2016-04-15_2_06,2016-04-15,2,6
api_only,2016-04-15_2_07,2016-04-15,2,7
api_only,2016-04-15_2_08,2016-04-15,2,8
api_only,2016-04-15_3_01,2016-04-15,3,1
api_only,2016-04-15_3_02,2016-04-15,3,2
api_only,2016-04-15_3_03,2016-04-15,3,3
api_only,2016-04-15_3_04,2016-04-15,3,4
api_only,2016-04-15_3_05,2016-04-15,3,5
api_only,2016-04-15_3_06,2016-04-15,3,6
api_only,2016-04-15_3_07,2016-04-15,3,7
api_only,2016-04-15_3_08,2016-04-15,3,8
api_only,2016-04-15_3_09,2016-04-15,3,9
api_only,2016-04-15_3_10,2016-04-15,3,10
api_only,2016-04-16_1_01,2016-04-16,1,1
api_only,2016-04-16_1_02,2016-04-16,1,2
api_only,2016-04-16_1_03,2016-04-16,1,3
api_only,2016-04-16_1_04,2016-04-16,1,4
api_only,2016-04-16_1_05,2016-04-16,1,5
api_only,2016-04-16_1_06,2016-04-16,1,6
api_only,2016-04-16_1_07,2016-04-16,1,7
api_only,2016-04-16_1_08,2016-04-16,1,8
api_only,2016-04-16_1_09,2016-04-16,1,9
api_only,2016-04-16_1_10,2016-04-16,1,10
api_only,2016-04-16_1_11,2016-04-16,1,11
api_only,2016-04-16_2_01,2016-04-16,2,1
api_only,2016-04-16_2_02,2016-04-16,2,2
api_only,2016-04-16_2_03,2016-04-16,2,3
api_only,2016-04-16_2_04,2016-04-16,2,4
api_only,2016-04-16_2_05,2016-04-16,2,5
api_only,2016-04-16_2_06,2016-04-16,2,6
api_only,2016-04-16_2_07,2016-04-16,2,7
api_only,2016-04-16_2_08,2016-04-16,2,8
api_only,2016-04-16_2_09,2016-04-16,2,9
api_only,2016-04-17_1_01,2016-04-17,1,1
api_only,2016-04-17_1_02,2016-04-17,1,2
api_only,2016-04-17_1_03,2016-04-17,1,3
api_only,2016-04-17_1_04,2016-04-17,1,4
api_only,2016-04-17_1_05,2016-04-17,1,5
api_only,2016-04-17_1_06,2016-04-17,1,6
api_only,2016-04-17_1_07,2016-04-17,1,7
api_only,2016-04-17_1_08,2016-04-17,1,8
api_only,2016-04-17_1_09,2016-04-17,1,9
api_only,2016-04-17_1_10,2016-04-17,1,10
api_only,2016-04-17_1_11,2016-04-17,1,11
api_only,2016-04-17_3_01,2016-04-17,3,1
api_only,2016-04-17_3_02,2016-04-17,3,2
api_only,2016-04-17_3_03,2016-04-17,3,3
api_only,2016-04-17_3_04,2016-04-17,3,4
api_only,2016-04-17_3_05,2016-04-17,3,5
api_only,2016-04-17_3_06,2016-04-17,3,6
api_only,2016-04-22_2_01,2016-04-22,2,1
api_only,2016-04-22_2_02,2016-04-22,2,2
api_only,2016-04-22_2_03,2016-04-22,2,3
api_only,2016-04-22_2_04,2016-04-22,2,4
api_only,2016-04-22_2_05,2016-04-22,2,5
api_only,2016-04-22_2_06,2016-04-22,2,6
api_only,2016-04-22_2_07,2016-04-22,2,7
api_only,2016-04-22_2_08,2016-04-22,2,8
api_only,2016-04-22_3_01,2016-04-22,3,1
api_only,2016-04-22_3_02,2016-04-22,3,2
api_only,2016-04-22_3_03,2016-04-22,3,3
api_only,2016-04-22_3_04,2016-04-22,3,4
api_only,2016-04-22_3_05,2016-04-22,3,5
api_only,2016-04-22_3_06,2016-04-22,3,6
api_only,2016-04-22_3_07,2016-04-22,3,7
api_only,2016-04-22_3_08,2016-04-22,3,8
api_only,2016-04-22_3_09,2016-04-22,3,9
api_only,2016-04-22_3_10,2016-04-22,3,10
api_only,2016-04-23_1_01,2016-04-23,1,1
api_only,2016-04-23_1_02,2016-04-23,1,2
api_only,2016-04-23_1_03,2016-04-23,1,3
api_only,2016-04-23_1_04,2016-04-23,1,4
api_only,2016-04-23_1_05,2016-04-23,1,5
api_only,2016-04-23_1_06,2016-04-23,1,6
api_only,2016-04-23_1_07,2016-04-23,1,7
api_only,2016-04-23_1_08,2016-04-23,1,8
api_only,2016-04-23_1_09,2016-04-23,1,9
api_only,2016-04-23_1_10,2016-04-23,1,10
api_only,2016-04-23_1_11,2016-04-23,1,11
api_only,2016-04-23_2_01,2016-04-23,2,1
api_only,2016-04-23_2_02,2016-04-23,2,2
api_only,2016-04-23_2_03,2016-04-23,2,3
api_only,2016-04-23_2_04,2016-04-23,2,4
api_only,2016-04-23_2_05,2016-04-23,2,5
api_only,2016-04-23_2_06,2016-04-23,2,6
api_only,2016-04-23_2_07,2016-04-23,2,7
api_only,2016-04-23_2_08,2016-04-23,2,8
api_only,2016-04-23_2_09,2016-04-23,2,9
api_only,2016-04-24_1_01,2016-04-24,1,1
api_only,2016-04-24_1_02,2016-04-24,1,2
api_only,2016-04-24_1_03,2016-04-24,1,3
api_only,2016-04-24_1_04,2016-04-24,1,4
api_only,2016-04-24_1_05,2016-04-24,1,5
api_only,2016-04-24_1_06,2016-04-24,1,6
api_only,2016-04-24_1_07,2016-04-24,1,7
api_only,2016-04-24_1_08,2016-04-24,1,8
api_only,2016-04-24_1_09,2016-04-24,1,9
api_only,2016-04-24_1_10,2016-04-24,1,10
api_only,2016-04-24_1_11,2016-04-24,1,11
api_only,2016-04-24_3_01,2016-04-24,3,1
api_only,2016-04-24_3_02,2016-04-24,3,2
api_only,2016-04-24_3_03,2016-04-24,3,3
api_only,2016-04-24_3_04,2016-04-24,3,4
api_only,2016-04-24_3_05,2016-04-24,3,5
api_only,2016-04-24_3_06,2016-04-24,3,6
api_only,2016-04-29_2_01,2016-04-29,2,1
api_only,2016-04-29_2_02,2016-04-29,2,2
api_only,2016-04-29_2_03,2016-04-29,2,3
api_only,2016-04-29_2_04,2016-04-29,2,4
api_only,2016-04-29_2_05,2016-04-29,2,5
api_only,2016-04-29_2_06,2016-04-29,2,6
api_only,2016-04-29_2_07,2016-04-29,2,7
api_only,2016-04-29_2_08,2016-04-29,2,8
api_only,2016-04-29_3_01,2016-04-29,3,1
api_only,2016-04-29_3_02,2016-04-29,3,2
api_only,2016-04-29_3_03,2016-04-29,3,3
api_only,2016-04-29_3_04,2016-04-29,3,4
api_only,2016-04-29_3_05,2016-04-29,3,5
api_only,2016-04-29_3_06,2016-04-29,3,6
api_only,2016-04-29_3_07,2016-04-29,3,7
api_only,2016-04-29_3_08,2016-04-29,3,8
api_only,2016-04-29_3_09,2016-04-29,3,9
api_only,2016-04-29_3_10,2016-04-29,3,10
api_only,2016-04-30_1_01,2016-04-30,1,1
api_only,2016-04-30_1_02,2016-04-30,1,2
api_only,2016-04-30_1_03,2016-04-30,1,3
api_only,2016-04-30_1_04,2016-04-30,1,4
api_only,2016-04-30_1_05,2016-04-30,1,5
api_only,2016-04-30_1_06,2016-04-30,1,6
api_only,2016-04-30_1_07,2016-04-30,1,7
api_only,2016-04-30_1_08,2016-04-30,1,8
api_only,2016-04-30_1_09,2016-04-30,1,9
api_only,2016-04-30_1_10,2016-04-30,1,10
api_only,2016-04-30_1_11,2016-04-30,1,11
api_only,2016-04-30_2_01,2016-04-30,2,1
api_only,2016-04-30_2_02,2016-04-30,2,2
api_only,2016-04-30_2_03,2016-04-30,2,3
api_only,2016-04-30_2_04,2016-04-30,2,4
api_only,2016-04-30_2_05,2016-04-30,2,5
api_only,2016-04-30_2_06,2016-04-30,2,6
api_only,2016-04-30_2_07,2016-04-30,2,7
api_only,2016-04-30_2_08,2016-04-30,2,8
api_only,2016-04-30_2_09,2016-04-30,2,9
api_only,2016-05-01_1_01,2016-05-01,1,1
api_only,2016-05-01_1_02,2016-05-01,1,2
api_only,2016-05-01_1_03,2016-05-01,1,3
api_only,2016-05-01_1_04,2016-05-01,1,4
api_only,2016-05-01_1_05,2016-05-01,1,5
api_only,2016-05-01_1_06,2016-05-01,1,6
api_only,2016-05-01_1_07,2016-05-01,1,7
api_only,2016-05-01_1_08,2016-05-01,1,8
api_only,2016-05-01_1_09,2016-05-01,1,9
api_only,2016-05-01_1_10,2016-05-01,1,10
api_only,2016-05-01_1_11,2016-05-01,1,11
api_only,2016-05-01_3_01,2016-05-01,3,1
api_only,2016-05-01_3_02,2016-05-01,3,2
api_only,2016-05-01_3_03,2016-05-01,3,3
api_only,2016-05-01_3_04,2016-05-01,3,4
api_only,2016-05-01_3_05,2016-05-01,3,5
api_only,2016-05-01_3_06,2016-05-01,3,6
api_only,2016-05-06_2_01,2016-05-06,2,1
api_only,2016-05-06_2_02,2016-05-06,2,2
api_only,2016-05-06_2_03,2016-05-06,2,3
api_only,2016-05-06_2_04,2016-05-06,2,4
api_only,2016-05-06_2_05,2016-05-06,2,5
api_only,2016-05-06_2_06,2016-05-06,2,6
api_only,2016-05-06_2_07,2016-05-06,2,7
api_only,2016-05-06_2_08,2016-05-06,2,8
api_only,2016-05-06_3_01,2016-05-06,3,1
api_only,2016-05-06_3_02,2016-05-06,3,2
api_only,2016-05-06_3_03,2016-05-06,3,3
api_only,2016-05-06_3_04,2016-05-06,3,4
api_only,2016-05-06_3_05,2016-05-06,3,5
api_only,2016-05-06_3_06,2016-05-06,3,6
api_only,2016-05-06_3_07,2016-05-06,3,7
api_only,2016-05-06_3_08,2016-05-06,3,8
api_only,2016-05-06_3_09,2016-05-06,3,9
api_only,2016-05-06_3_10,2016-05-06,3,10
api_only,2016-05-07_1_01,2016-05-07,1,1
api_only,2016-05-07_1_02,2016-05-07,1,2
api_only,2016-05-07_1_03,2016-05-07,1,3
api_only,2016-05-07_1_04,2016-05-07,1,4
api_only,2016-05-07_1_05,2016-05-07,1,5
api_only,2016-05-07_1_06,2016-05-07,1,6
api_only,2016-05-07_1_07,2016-05-07,1,7
api_only,2016-05-07_1_08,2016-05-07,1,8
api_only,2016-05-07_1_09,2016-05-07,1,9
api_only,2016-05-07_1_10,2016-05-07,1,10
api_only,2016-05-07_1_11,2016-05-07,1,11
api_only,2016-05-07_2_01,2016-05-07,2,1
api_only,2016-05-07_2_02,2016-05-07,2,2
api_only,2016-05-07_2_03,2016-05-07,2,3
api_only,2016-05-07_2_04,2016-05-07,2,4
api_only,2016-05-07_2_05,2016-05-07,2,5
api_only,2016-05-07_2_06,2016-05-07,2,6
api_only,2016-05-07_2_07,2016-05-07,2,7
api_only,2016-05-07_2_08,2016-05-07,2,8
api_only,2016-05-07_2_09,2016-05-07,2,9
api_only,2016-05-08_1_01,2016-05-08,1,1
api_only,2016-05-08_1_02,2016-05-08,1,2
api_only,2016-05-08_1_03,2016-05-08,1,3
api_only,2016-05-08_1_04,2016-05-08,1,4
api_only,2016-05-08_1_05,2016-05-08,1,5
api_only,2016-05-08_1_06,2016-05-08,1,6
api_only,2016-05-08_1_07,2016-05-08,1,7
api_only,2016-05-08_1_08,2016-05-08,1,8
api_only,2016-05-08_1_09,2016-05-08,1,9
api_only,2016-05-08_1_10,2016-05-08,1,10
api_only,2016-05-08_1_11,2016-05-08,1,11
api_only,2016-05-08_3_01,2016-05-08,3,1
api_only,2016-05-08_3_02,2016-05-08,3,2
api_only,2016-05-08_3_03,2016-05-08,3,3
api_only,2016-05-08_3_04,2016-05-08,3,4
api_only,2016-05-08_3_05,2016-05-08,3,5
api_only,2016-05-08_3_06,2016-05-08,3,6
api_only,2016-05-13_2_01,2016-05-13,2,1
api_only,2016-05-13_2_02,2016-05-13,2,2
api_only,2016-05-13_2_03,2016-05-13,2,3
api_only,2016-05-13_2_04,2016-05-13,2,4
api_only,2016-05-13_2_05,2016-05-13,2,5
api_only,2016-05-13_2_06,2016-05-13,2,6
api_only,2016-05-13_2_07,2016-05-13,2,7
api_only,2016-05-13_2_08,2016-05-13,2,8
api_only,2016-05-13_3_01,2016-05-13,3,1
api_only,2016-05-13_3_02,2016-05-13,3,2
api_only,2016-05-13_3_03,2016-05-13,3,3
api_only,2016-05-13_3_04,2016-05-13,3,4
api_only,2016-05-13_3_05,2016-05-13,3,5
api_only,2016-05-13_3_06,2016-05-13,3,6
api_only,2016-05-13_3_07,2016-05-13,3,7
api_only,2016-05-13_3_08,2016-05-13,3,8
api_only,2016-05-13_3_09,2016-05-13,3,9
api_only,2016-05-13_3_10,2016-05-13,3,10
api_only,2016-05-14_1_01,2016-05-14,1,1
api_only,2016-05-14_1_02,2016-05-14,1,2
api_only,2016-05-14_1_03,2016-05-14,1,3
api_only,2016-05-14_1_04,2016-05-14,1,4
api_only,2016-05-14_1_05,2016-05-14,1,5
api_only,2016-05-14_1_06,2016-05-14,1,6
api_only,2016-05-14_1_07,2016-05-14,1,7
api_only,2016-05-14_1_08,2016-05-14,1,8
api_only,2016-05-14_1_09,2016-05-14,1,9
api_only,2016-05-14_1_10,2016-05-14,1,10
api_only,2016-05-14_1_11,2016-05-14,1,11
api_only,2016-05-14_1_12,2016-05-14,1,12
api_only,2016-05-14_2_01,2016-05-14,2,1
api_only,2016-05-14_2_02,2016-05-14,2,2
api_only,2016-05-14_2_03,2016-05-14,2,3
api_only,2016-05-14_2_04,2016-05-14,2,4
api_only,2016-05-14_2_05,2016-05-14,2,5
api_only,2016-05-14_2_06,2016-05-14,2,6
api_only,2016-05-14_2_07,2016-05-14,2,7
api_only,2016-05-14_2_08,2016-05-14,2,8
api_only,2016-05-14_2_09,2016-05-14,2,9
api_only,2016-05-15_1_01,2016-05-15,1,1
api_only,2016-05-15_1_02,2016-05-15,1,2
api_only,2016-05-15_1_03,2016-05-15,1,3
api_only,2016-05-15_1_04,2016-05-15,1,4
api_only,2016-05-15_1_05,2016-05-15,1,5
api_only,2016-05-15_1_06,2016-05-15,1,6
api_only,2016-05-15_1_07,2016-05-15,1,7
api_only,2016-05-15_1_08,2016-05-15,1,8
api_only,2016-05-15_1_09,2016-05-15,1,9
api_only,2016-05-15_1_10,2016-05-15,1,10
api_only,2016-05-15_3_01,2016-05-15,3,1
api_only,2016-05-15_3_02,2016-05-15,3,2
api_only,2016-05-15_3_03,2016-05-15,3,3
api_only,2016-05-15_3_04,2016-05-15,3,4
api_only,2016-05-15_3_05,2016-05-15,3,5
api_only,2016-05-15_3_06,2016-05-15,3,6
api_only,2016-05-20_2_01,2016-05-20,2,1
api_only,2016-05-20_2_02,2016-05-20,2,2
api_only,2016-05-20_2_03,2016-05-20,2,3
api_only,2016-05-20_2_04,2016-05-20,2,4
api_only,2016-05-20_2_05,2016-05-20,2,5
api_only,2016-05-20_2_06,2016-05-20,2,6
api_only,2016-05-20_2_07,2016-05-20,2,7
api_only,2016-05-20_2_08,2016-05-20,2,8
api_only,2016-05-20_3_01,2016-05-20,3,1
api_only,2016-05-20_3_02,2016-05-20,3,2
api_only,2016-05-20_3_03,2016-05-20,3,3
api_only,2016-05-20_3_04,2016-05-20,3,4
api_only,2016-05-20_3_05,2016-05-20,3,5
api_only,2016-05-20_3_06,2016-05-20,3,6
api_only,2016-05-20_3_07,2016-05-20,3,7
api_only,2016-05-20_3_08,2016-05-20,3,8
api_only,2016-05-20_3_09,2016-05-20,3,9
api_only,2016-05-20_3_10,2016-05-20,3,10
api_only,2016-05-21_1_01,2016-05-21,1,1
api_only,2016-05-21_1_02,2016-05-21,1,2
api_only,2016-05-21_1_03,2016-05-21,1,3
api_only,2016-05-21_1_04,2016-05-21,1,4
api_only,2016-05-21_1_05,2016-05-21,1,5
api_only,2016-05-21_1_06,2016-05-21,1,6
api_only,2016-05-21_1_07,2016-05-21,1,7
api_only,2016-05-21_1_08,2016-05-21,1,8
api_only,2016-05-21_1_09,2016-05-21,1,9
api_only,2016-05-21_1_10,2016-05-21,1,10
api_only,2016-05-21_1_11,2016-05-21,1,11
api_only,2016-05-21_2_01,2016-05-21,2,1
api_only,2016-05-21_2_02,2016-05-21,2,2
api_only,2016-05-21_2_03,2016-05-21,2,3
api_only,2016-05-21_2_04,2016-05-21,2,4
api_only,2016-05-21_2_05,2016-05-21,2,5
api_only,2016-05-21_2_06,2016-05-21,2,6
api_only,2016-05-21_2_07,2016-05-21,2,7
api_only,2016-05-21_2_08,2016-05-21,2,8
api_only,2016-05-21_2_09,2016-05-21,2,9
api_only,2016-05-22_1_01,2016-05-22,1,1
api_only,2016-05-22_1_02,2016-05-22,1,2
api_only,2016-05-22_1_03,2016-05-22,1,3
api_only,2016-05-22_1_04,2016-05-22,1,4
api_only,2016-05-22_1_05,2016-05-22,1,5
api_only,2016-05-22_1_06,2016-05-22,1,6
api_only,2016-05-22_1_07,2016-05-22,1,7
api_only,2016-05-22_1_08,2016-05-22,1,8
api_only,2016-05-22_1_09,2016-05-22,1,9
api_only,2016-05-22_1_10,2016-05-22,1,10
api_only,2016-05-22_1_11,2016-05-22,1,11
api_only,2016-05-22_3_01,2016-05-22,3,1
api_only,2016-05-22_3_02,2016-05-22,3,2
api_only,2016-05-22_3_03,2016-05-22,3,3
api_only,2016-05-22_3_04,2016-05-22,3,4
api_only,2016-05-22_3_05,2016-05-22,3,5
api_only,2016-05-22_3_06,2016-05-22,3,6
api_only,2016-05-27_2_01,2016-05-27,2,1
api_only,2016-05-27_2_02,2016-05-27,2,2
api_only,2016-05-27_2_03,2016-05-27,2,3
api_only,2016-05-27_2_04,2016-05-27,2,4
api_only,2016-05-27_2_05,2016-05-27,2,5
api_only,2016-05-27_2_06,2016-05-27,2,6
api_only,2016-05-27_2_07,2016-05-27,2,7
api_only,2016-05-27_2_08,2016-05-27,2,8
api_only,2016-05-27_3_01,2016-05-27,3,1
api_only,2016-05-27_3_02,2016-05-27,3,2
api_only,2016-05-27_3_03,2016-05-27,3,3
api_only,2016-05-27_3_04,2016-05-27,3,4
api_only,2016-05-27_3_05,2016-05-27,3,5
api_only,2016-05-27_3_06,2016-05-27,3,6
api_only,2016-05-27_3_07,2016-05-27,3,7
api_only,2016-05-27_3_08,2016-05-27,3,8
api_only,2016-05-27_3_09,2016-05-27,3,9
api_only,2016-05-27_3_10,2016-05-27,3,10
api_only,2016-05-28_1_01,2016-05-28,1,1
api_only,2016-05-28_1_02,2016-05-28,1,2
api_only,2016-05-28_1_03,2016-05-28,1,3
api_only,2016-05-28_1_04,2016-05-28,1,4
api_only,2016-05-28_1_05,2016-05-28,1,5
api_only,2016-05-28_1_06,2016-05-28,1,6
api_only,2016-05-28_1_07,2016-05-28,1,7
api_only,2016-05-28_1_08,2016-05-28,1,8
api_only,2016-05-28_1_09,2016-05-28,1,9
api_only,2016-05-28_1_10,2016-05-28,1,10
api_only,2016-05-28_1_11,2016-05-28,1,11
api_only,2016-05-28_2_01,2016-05-28,2,1
api_only,2016-05-28_2_02,2016-05-28,2,2
api_only,2016-05-28_2_03,2016-05-28,2,3
api_only,2016-05-28_2_04,2016-05-28,2,4
api_only,2016-05-28_2_05,2016-05-28,2,5
api_only,2016-05-28_2_06,2016-05-28,2,6
api_only,2016-05-28_2_07,2016-05-28,2,7
api_only,2016-05-28_2_08,2016-05-28,2,8
api_only,2016-05-28_2_09,2016-05-28,2,9
api_only,2016-05-29_1_01,2016-05-29,1,1
api_only,2016-05-29_1_02,2016-05-29,1,2
api_only,2016-05-29_1_03,2016-05-29,1,3
api_only,2016-05-29_1_04,2016-05-29,1,4
api_only,2016-05-29_1_05,2016-05-29,1,5
api_only,2016-05-29_1_06,2016-05-29,1,6
api_only,2016-05-29_1_07,2016-05-29,1,7
api_only,2016-05-29_1_08,2016-05-29,1,8
api_only,2016-05-29_1_09,2016-05-29,1,9
api_only,2016-05-29_1_10,2016-05-29,1,10
api_only,2016-05-29_1_11,2016-05-29,1,11
api_only,2016-05-29_3_01,2016-05-29,3,1
api_only,2016-05-29_3_02,2016-05-29,3,2
api_only,2016-05-29_3_03,2016-05-29,3,3
api_only,2016-05-29_3_04,2016-05-29,3,4
api_only,2016-05-29_3_05,2016-05-29,3,5
api_only,2016-05-29_3_06,2016-05-29,3,6
api_only,2016-06-03_2_01,2016-06-03,2,1
api_only,2016-06-03_2_02,2016-06-03,2,2
api_only,2016-06-03_2_03,2016-06-03,2,3
api_only,2016-06-03_2_04,2016-06-03,2,4
api_only,2016-06-03_2_05,2016-06-03,2,5
api_only,2016-06-03_2_06,2016-06-03,2,6
api_only,2016-06-03_2_07,2016-06-03,2,7
api_only,2016-06-03_2_08,2016-06-03,2,8
api_only,2016-06-03_3_01,2016-06-03,3,1
api_only,2016-06-03_3_02,2016-06-03,3,2
api_only,2016-06-03_3_03,2016-06-03,3,3
api_only,2016-06-03_3_04,2016-06-03,3,4
api_only,2016-06-03_3_05,2016-06-03,3,5
api_only,2016-06-03_3_06,2016-06-03,3,6
api_only,2016-06-03_3_07,2016-06-03,3,7
api_only,2016-06-03_3_08,2016-06-03,3,8
api_only,2016-06-03_3_09,2016-06-03,3,9
api_only,2016-06-03_3_10,2016-06-03,3,10
api_only,2016-06-04_1_01,2016-06-04,1,1
api_only,2016-06-04_1_02,2016-06-04,1,2
api_only,2016-06-04_1_03,2016-06-04,1,3
api_only,2016-06-04_1_04,2016-06-04,1,4
api_only,2016-06-04_1_05,2016-06-04,1,5
api_only,2016-06-04_1_06,2016-06-04,1,6
api_only,2016-06-04_1_07,2016-06-04,1,7
api_only,2016-06-04_1_08,2016-06-04,1,8
api_only,2016-06-04_1_09,2016-06-04,1,9
api_only,2016-06-04_1_10,2016-06-04,1,10
api_only,2016-06-04_1_11,2016-06-04,1,11
api_only,2016-06-04_1_12,2016-06-04,1,12
api_only,2016-06-04_2_01,2016-06-04,2,1
api_only,2016-06-04_2_02,2016-06-04,2,2
api_only,2016-06-04_2_03,2016-06-04,2,3
api_only,2016-06-04_2_04,2016-06-04,2,4
api_only,2016-06-04_2_05,2016-06-04,2,5
api_only,2016-06-04_2_06,2016-06-04,2,6
api_only,2016-06-04_2_07,2016-06-04,2,7
api_only,2016-06-04_2_08,2016-06-04,2,8
api_only,2016-06-04_2_09,2016-06-04,2,9
api_only,2016-06-05_1_01,2016-06-05,1,1
api_only,2016-06-05_1_02,2016-06-05,1,2
api_only,2016-06-05_1_03,2016-06-05,1,3
api_only,2016-06-05_1_04,2016-06-05,1,4
api_only,2016-06-05_1_05,2016-06-05,1,5
api_only,2016-06-05_1_06,2016-06-05,1,6
api_only,2016-06-05_1_07,2016-06-05,1,7
api_only,2016-06-05_1_08,2016-06-05,1,8
api_only,2016-06-05_1_09,2016-06-05,1,9
api_only,2016-06-05_1_10,2016-06-05,1,10
api_only,2016-06-05_3_01,2016-06-05,3,1
api_only,2016-06-05_3_02,2016-06-05,3,2
api_only,2016-06-05_3_03,2016-06-05,3,3
api_only,2016-06-05_3_04,2016-06-05,3,4
api_only,2016-06-05_3_05,2016-06-05,3,5
api_only,2016-06-05_3_06,2016-06-05,3,6
api_only,2016-06-24_2_03,2016-06-24,2,3
api_only,2016-06-24_2_04,2016-06-24,2,4
api_only,2016-06-24_2_05,2016-06-24,2,5
api_only,2016-08-06_3_01,2016-08-06,3,1
api_only,2016-08-06_3_02,2016-08-06,3,2
api_only,2016-08-06_3_03,2016-08-06,3,3
api_only,2016-08-06_3_04,2016-08-06,3,4
api_only,2016-08-06_3_05,2016-08-06,3,5
api_only,2016-08-06_3_06,2016-08-06,3,6
api_only,2016-08-06_3_07,2016-08-06,3,7
api_only,2016-08-06_3_08,2016-08-06,3,8
api_only,2016-10-22_2_05,2016-10-22,2,5
api_only,2016-10-28_2_02,2016-10-28,2,2
api_only,2016-11-19_2_01,2016-11-19,2,1
api_only,2016-12-31_3_01,2016-12-31,3,1
api_only,2016-12-31_3_02,2016-12-31,3,2
api_only,2016-12-31_3_03,2016-12-31,3,3
api_only,2016-12-31_3_04,2016-12-31,3,4
api_only,2016-12-31_3_05,2016-12-31,3,5
api_only,2016-12-31_3_06,2016-12-31,3,6
api_only,2016-12-31_3_07,2016-12-31,3,7
api_only,2016-12-31_3_08,2016-12-31,3,8
api_only,2016-12-31_3_09,2016-12-31,3,9
api_only,2016-12-31_3_10,2016-12-31,3,10
api_only,2016-12-31_3_11,2016-12-31,3,11
api_only,2016-12-31_3_12,2016-12-31,3,12
api_only,2016-12-31_3_13,2016-12-31,3,13
api_only,2016-12-31_3_14,2016-12-31,3,14
api_only,2016-12-31_3_15,2016-12-31,3,15
